City_ID,City,Country,Date,Lat,Lng,Max Temp,Humidity,Cloudiness,Wind Speed,City_Descr
0,Bredasdorp,ZA,2020-08-18 20:34:54,-34.53,20.04,50.0,76,76,5.82,broken clouds
1,Avarua,CK,2020-08-18 20:31:31,-21.21,-159.78,73.4,73,83,17.22,light rain
2,Cockburn Town,TC,2020-08-18 20:34:55,21.46,-71.14,87.8,70,40,9.17,scattered clouds
3,Rikitea,PF,2020-08-18 20:34:55,-23.12,-134.97,71.96,79,0,10.63,clear sky
4,Bambous Virieux,MU,2020-08-18 20:34:56,-20.34,57.76,72.0,73,20,10.29,few clouds
5,Tazmalt,DZ,2020-08-18 20:34:56,36.39,4.4,77.0,78,99,2.24,overcast clouds
6,Diffa,NE,2020-08-18 20:34:57,13.32,12.61,83.62,57,3,6.13,clear sky
7,Soe,ID,2020-08-18 20:34:57,-9.86,124.28,60.51,89,83,2.95,broken clouds
8,Vaini,TO,2020-08-18 20:34:57,-21.2,-175.2,73.4,100,90,34.14,moderate rain
9,Tsabong,BW,2020-08-18 20:34:58,-26.02,22.4,39.33,59,0,11.1,clear sky
10,Labuhan,ID,2020-08-18 20:34:58,-6.88,112.21,75.6,80,43,7.87,scattered clouds
11,Pevek,RU,2020-08-18 20:34:58,69.7,170.31,39.99,86,94,10.45,overcast clouds
12,Mabai,CN,2020-08-18 20:34:59,23.01,104.45,60.22,100,100,1.66,light rain
13,Port Alfred,ZA,2020-08-18 20:35:00,-33.59,26.89,54.68,70,100,32.64,light rain
14,Hermanus,ZA,2020-08-18 20:35:01,-34.42,19.23,43.0,91,75,6.6,broken clouds
15,Toora-Khem,RU,2020-08-18 20:35:01,52.47,96.11,50.25,87,48,1.97,scattered clouds
16,Hofn,IS,2020-08-18 20:35:01,64.25,-15.21,50.0,87,96,17.11,overcast clouds
17,Cape Town,ZA,2020-08-18 20:35:02,-33.93,18.42,53.01,70,20,3.36,few clouds
18,Barrow,US,2020-08-18 20:31:45,71.29,-156.79,46.4,100,90,17.22,overcast clouds
19,Eydhafushi,MV,2020-08-18 20:35:03,5.1,73.07,82.22,67,1,2.57,clear sky
20,Hithadhoo,MV,2020-08-18 20:35:03,-0.6,73.08,83.73,76,0,10.47,clear sky
21,Agadez,NE,2020-08-18 20:35:07,19.75,10.25,94.23,11,0,9.4,clear sky
22,Hilo,US,2020-08-18 20:34:51,19.73,-155.09,80.6,61,50,8.05,light rain
23,Worksop,GB,2020-08-18 20:31:41,53.3,-1.12,66.0,88,9,3.36,clear sky
24,Antalaha,MG,2020-08-18 20:35:25,-14.9,50.28,66.31,83,1,8.14,clear sky
25,Ribeira Grande,PT,2020-08-18 20:35:28,38.52,-28.7,75.2,94,75,26.4,broken clouds
26,Tura,IN,2020-08-18 20:35:31,25.52,90.22,74.48,94,38,3.98,scattered clouds
27,Mount Gambier,AU,2020-08-18 20:35:34,-37.83,140.77,46.4,93,90,5.84,light intensity shower rain
28,Sisimiut,GL,2020-08-18 20:35:37,66.94,-53.67,57.06,52,43,4.59,scattered clouds
29,Ushuaia,AR,2020-08-18 20:32:58,-54.8,-68.3,33.8,90,90,26.4,snow
30,Puerto Ayora,EC,2020-08-18 20:35:45,-0.74,-90.35,77.0,65,40,24.16,scattered clouds
31,Gharghoda,IN,2020-08-18 20:35:48,22.17,83.35,75.97,94,100,3.27,light rain
32,Cherskiy,RU,2020-08-18 20:35:51,68.75,161.3,44.78,80,99,9.82,light rain
33,Mataura,NZ,2020-08-18 20:35:57,-46.19,168.86,46.53,78,100,5.3,overcast clouds
34,Atuona,PF,2020-08-18 20:36:00,-9.8,-139.03,79.16,74,2,21.23,clear sky
35,Lata,PT,2020-08-18 20:36:03,40.16,-8.33,73.99,67,0,5.99,clear sky
36,Kapaa,US,2020-08-18 20:35:37,22.08,-159.32,82.99,69,40,12.75,scattered clouds
37,Yasnyy,RU,2020-08-18 20:36:09,51.03,59.87,49.3,78,0,14.63,clear sky
38,Bethel,US,2020-08-18 20:36:15,41.37,-73.41,81.0,42,20,8.05,few clouds
39,Georgetown,MY,2020-08-18 20:35:49,5.41,100.34,80.6,94,20,4.03,few clouds
40,Nurota,UZ,2020-08-18 20:36:29,40.56,65.69,62.38,30,0,5.57,clear sky
41,Rosario,AR,2020-08-18 20:36:32,-32.95,-60.64,73.0,22,0,17.22,clear sky
42,Berlevag,NO,2020-08-18 20:36:35,70.86,29.09,51.8,76,75,8.05,broken clouds
43,New Norfolk,AU,2020-08-18 20:36:38,-42.78,147.06,39.99,85,12,2.35,few clouds
44,Chuy,UY,2020-08-18 20:36:09,-33.7,-53.46,55.22,87,0,4.7,clear sky
45,Port Blair,IN,2020-08-18 20:36:47,11.67,92.75,82.11,79,100,14.27,overcast clouds
46,Luena,AO,2020-08-18 20:36:52,-11.78,19.92,64.24,27,0,2.75,clear sky
47,Hobart,AU,2020-08-18 20:35:05,-42.88,147.33,42.8,81,75,9.17,broken clouds
48,Souillac,MU,2020-08-18 20:37:02,-20.52,57.52,71.6,73,20,10.29,few clouds
49,Houma,US,2020-08-18 20:37:05,29.6,-90.72,93.0,62,75,5.82,broken clouds
50,Sola,VU,2020-08-18 20:37:08,-13.88,167.55,78.94,86,71,9.48,broken clouds
51,Batagay-Alyta,RU,2020-08-18 20:37:11,67.8,130.41,44.94,88,100,9.33,light rain
52,Esperance,AU,2020-08-18 20:37:14,-33.87,121.9,46.4,100,75,13.87,broken clouds
53,Mayskiy,RU,2020-08-18 20:37:18,47.69,40.1,75.2,44,32,6.71,scattered clouds
54,Yellowknife,CA,2020-08-18 20:37:27,62.46,-114.35,62.01,87,75,9.17,light rain
55,Mar Del Plata,AR,2020-08-18 20:35:04,-38.0,-57.56,52.0,57,97,11.41,smoke
56,Natal,BR,2020-08-18 20:32:35,-5.79,-35.21,80.6,78,40,11.41,scattered clouds
57,Kahului,US,2020-08-18 20:37:36,20.89,-156.47,87.8,52,40,19.46,scattered clouds
58,Kudahuvadhoo,MV,2020-08-18 20:37:43,2.67,72.89,82.62,68,58,5.41,broken clouds
59,Buchanan,LR,2020-08-18 20:37:46,5.88,-10.05,77.0,94,75,9.64,broken clouds
60,Juneau,US,2020-08-18 20:33:20,58.3,-134.42,57.2,82,90,4.7,light rain
61,San Rafael,AR,2020-08-18 20:37:55,-34.62,-68.33,54.77,40,49,6.62,scattered clouds
62,Castro,BR,2020-08-18 20:38:01,-24.79,-50.01,60.53,93,100,7.34,overcast clouds
63,Busselton,AU,2020-08-18 20:38:04,-33.65,115.33,42.01,77,21,4.92,few clouds
64,Albany,US,2020-08-18 20:36:21,42.6,-73.97,78.01,43,14,9.91,few clouds
65,Raudeberg,NO,2020-08-18 20:38:10,61.99,5.14,64.0,85,0,4.54,clear sky
66,Kawalu,ID,2020-08-18 20:37:23,-7.38,108.21,68.9,92,72,2.42,broken clouds
67,Codrington,AU,2020-08-18 20:38:16,-38.27,141.97,46.8,96,100,4.72,moderate rain
68,Bluff,NZ,2020-08-18 20:36:25,-46.6,168.33,48.34,77,100,10.25,overcast clouds
69,Juruti,BR,2020-08-18 20:38:22,-2.15,-56.09,95.31,32,42,4.32,scattered clouds
70,Neepawa,CA,2020-08-18 20:37:14,50.23,-99.47,86.0,51,20,2.24,few clouds
71,Gravdal,NO,2020-08-18 20:38:28,68.12,13.5,51.8,81,90,1.12,overcast clouds
72,Prince Rupert,CA,2020-08-18 20:38:31,54.32,-130.32,62.6,72,1,6.93,clear sky
73,Karaman,TR,2020-08-18 20:37:33,37.08,33.25,57.74,36,0,2.15,clear sky
74,Mahebourg,MU,2020-08-18 20:38:36,-20.41,57.7,71.6,73,20,10.29,few clouds
75,Te Anau,NZ,2020-08-18 20:38:37,-45.42,167.72,44.92,86,93,1.1,overcast clouds
76,Dzhebariki-Khaya,RU,2020-08-18 20:38:37,62.22,135.8,46.31,85,90,2.04,overcast clouds
77,Tera,NE,2020-08-18 20:38:38,14.01,0.75,82.44,68,42,18.45,scattered clouds
78,Kavieng,PG,2020-08-18 20:38:38,-2.57,150.8,81.54,77,2,8.05,light rain
79,Marsabit,KE,2020-08-18 20:36:42,2.33,37.99,65.7,77,49,19.53,scattered clouds
80,Jamestown,US,2020-08-18 20:36:02,42.1,-79.24,73.0,49,1,13.87,clear sky
81,Beringovskiy,RU,2020-08-18 20:38:39,63.05,179.32,52.75,60,19,11.14,few clouds
82,Vardo,NO,2020-08-18 20:36:11,70.37,31.11,51.8,81,88,16.11,overcast clouds
83,Wynyard,AU,2020-08-18 20:38:40,-41.0,145.72,42.01,91,100,3.0,overcast clouds
84,Cabra,ES,2020-08-18 20:38:40,37.47,-4.44,82.99,34,31,1.19,scattered clouds
85,Pangnirtung,CA,2020-08-18 20:38:41,66.15,-65.71,48.2,81,75,10.29,broken clouds
86,Sao Joao Da Barra,BR,2020-08-18 20:38:41,-21.64,-41.05,77.0,73,19,20.8,few clouds
87,Qarqin,AF,2020-08-18 20:38:41,37.42,66.04,74.62,20,0,18.19,clear sky
88,Kibala,TD,2020-08-18 20:38:42,9.11,18.35,73.63,90,100,1.72,overcast clouds
89,Hambantota,LK,2020-08-18 20:38:42,6.12,81.12,79.14,82,85,15.35,overcast clouds
90,Bengkulu,ID,2020-08-18 20:38:42,-3.8,102.27,75.79,84,37,4.68,scattered clouds
91,Rivera,UY,2020-08-18 20:38:43,-30.91,-55.55,59.94,75,46,4.09,scattered clouds
92,Saskylakh,RU,2020-08-18 20:38:43,71.92,114.08,44.1,85,100,12.33,overcast clouds
93,Capoterra,IT,2020-08-18 20:38:43,39.18,8.97,78.8,74,62,11.41,broken clouds
94,Clyde River,CA,2020-08-18 20:38:44,70.47,-68.59,60.8,59,75,5.82,broken clouds
95,Teguldet,RU,2020-08-18 20:38:44,57.31,88.17,59.92,93,100,9.01,overcast clouds
96,Tuktoyaktuk,CA,2020-08-18 20:38:44,69.45,-133.04,60.8,55,20,12.75,few clouds
97,Arraial Do Cabo,BR,2020-08-18 20:38:45,-22.97,-42.03,77.0,83,99,12.75,overcast clouds
98,Nikolskoye,RU,2020-08-18 20:38:45,59.7,30.79,55.99,76,29,4.21,scattered clouds
99,Grindavik,IS,2020-08-18 20:36:40,63.84,-22.43,51.8,100,75,14.99,broken clouds
100,Pacific Grove,US,2020-08-18 20:38:46,36.62,-121.92,91.0,60,1,6.93,smoke
101,Luganville,VU,2020-08-18 20:38:46,-15.53,167.17,75.2,83,75,4.7,broken clouds
102,Port Elizabeth,ZA,2020-08-18 20:38:46,-33.92,25.57,50.0,93,50,21.92,heavy intensity rain
103,Port Macquarie,AU,2020-08-18 20:38:47,-31.43,152.92,44.6,100,0,4.7,clear sky
104,Mollendo,PE,2020-08-18 20:38:47,-17.02,-72.01,59.29,72,89,7.85,overcast clouds
105,Skjervoy,NO,2020-08-18 20:38:47,70.03,20.97,52.3,83,94,4.61,overcast clouds
106,Santa Maria,BR,2020-08-18 20:38:48,-29.68,-53.81,73.4,69,40,3.36,scattered clouds
107,Arlit,NE,2020-08-18 20:38:48,18.74,7.39,95.47,27,63,1.41,broken clouds
108,Kango,GA,2020-08-18 20:38:48,0.19,10.1,78.3,77,100,4.43,overcast clouds
109,Severo-Kurilsk,RU,2020-08-18 20:38:48,50.68,156.12,50.9,89,95,13.2,overcast clouds
110,Kodiak,US,2020-08-18 20:38:49,57.79,-152.41,56.52,77,95,4.76,overcast clouds
111,Mormugao,IN,2020-08-18 20:38:49,15.4,73.8,79.38,88,89,11.59,light rain
112,Saint George,US,2020-08-18 20:36:05,37.1,-113.58,108.0,13,1,3.36,clear sky
113,Suntar,RU,2020-08-18 20:38:50,62.14,117.63,46.8,70,14,3.65,few clouds
114,Luderitz,NA,2020-08-18 20:36:47,-26.65,15.16,56.53,49,0,23.4,clear sky
115,Leon Valley,US,2020-08-18 20:38:50,29.5,-98.62,100.0,30,40,3.36,scattered clouds
116,Saint-Joseph,RE,2020-08-18 20:38:51,-21.37,55.62,66.2,77,34,5.82,light rain
117,Port-Gentil,GA,2020-08-18 20:38:51,-0.72,8.78,75.2,94,90,16.15,overcast clouds
118,Amahai,ID,2020-08-18 20:38:51,-3.33,128.92,75.29,82,72,2.21,broken clouds
119,Mwinilunga,ZM,2020-08-18 20:38:52,-11.74,24.43,62.73,30,0,3.06,clear sky
120,Empangeni,ZA,2020-08-18 20:38:52,-28.76,31.89,60.53,46,100,5.79,overcast clouds
121,Tasiilaq,GL,2020-08-18 20:35:59,65.61,-37.64,48.2,76,20,2.24,few clouds
122,Aitape,PG,2020-08-18 20:38:53,-3.14,142.35,75.45,80,31,5.06,scattered clouds
123,Hervey Bay,AU,2020-08-18 20:37:05,-25.3,152.85,66.99,82,0,16.11,clear sky
124,Nantucket,US,2020-08-18 20:38:54,41.28,-70.1,75.2,69,1,16.11,clear sky
125,Butaritari,KI,2020-08-18 20:35:49,3.07,172.79,83.26,71,2,11.59,clear sky
126,Coari,BR,2020-08-18 20:38:55,-4.08,-63.14,94.12,38,72,0.83,broken clouds
127,Ponta Do Sol,PT,2020-08-18 20:38:56,32.67,-17.1,75.2,73,20,6.93,few clouds
128,Saint-Philippe,RE,2020-08-18 20:38:56,-21.36,55.77,66.2,77,43,5.82,light rain
129,Villa Maria,AR,2020-08-18 20:38:56,-32.41,-63.24,66.0,24,0,5.01,clear sky
130,Provideniya,RU,2020-08-18 20:38:57,64.38,-173.3,53.42,68,100,7.2,overcast clouds
131,Straumen,NO,2020-08-18 20:38:57,63.87,11.3,64.99,82,4,6.93,clear sky
132,Guerrero Negro,MX,2020-08-18 20:38:57,27.98,-114.06,91.06,38,0,12.28,clear sky
133,Plettenberg Bay,ZA,2020-08-18 20:38:57,-34.05,23.37,51.75,72,96,18.25,light rain
134,Mehamn,NO,2020-08-18 20:38:58,71.04,27.85,51.8,76,75,8.05,broken clouds
135,Malyye Derbety,RU,2020-08-18 20:38:58,47.95,44.68,75.65,45,82,4.9,broken clouds
136,Gushikawa,JP,2020-08-18 20:38:59,26.35,127.87,82.4,94,40,3.36,scattered clouds
137,Foumban,CM,2020-08-18 20:38:59,5.73,10.9,65.66,97,93,0.87,overcast clouds
138,Pisco,PE,2020-08-18 20:39:00,-13.7,-76.22,68.0,68,47,19.46,scattered clouds
139,Sakakah,SA,2020-08-18 20:39:00,29.97,40.21,80.6,13,0,3.36,clear sky
140,Coquimbo,CL,2020-08-18 20:39:00,-29.95,-71.34,53.6,66,75,6.93,broken clouds
141,Fortuna,US,2020-08-18 20:37:01,40.6,-124.16,78.01,60,100,3.0,overcast clouds
142,Arzachena,IT,2020-08-18 20:39:01,41.08,9.39,82.4,61,81,11.41,broken clouds
143,Sitka,US,2020-08-18 20:39:01,57.05,-135.33,59.0,82,75,4.7,broken clouds
144,Baykit,RU,2020-08-18 20:39:02,61.67,96.37,52.92,68,79,3.62,broken clouds
145,Srednekolymsk,RU,2020-08-18 20:39:02,67.45,153.68,49.55,56,95,2.24,overcast clouds
146,Namtsy,RU,2020-08-18 20:39:02,62.72,129.67,41.0,64,93,2.24,overcast clouds
147,Haines Junction,CA,2020-08-18 20:39:03,60.75,-137.51,62.47,49,45,1.45,scattered clouds
148,Lagoa,PT,2020-08-18 20:39:03,39.05,-27.98,74.17,92,29,25.26,light rain
149,Nchelenge,ZM,2020-08-18 20:39:03,-9.35,28.73,70.39,45,0,5.53,clear sky
150,Touros,BR,2020-08-18 20:39:04,-5.2,-35.46,78.8,78,40,11.41,scattered clouds
151,Saldanha,ZA,2020-08-18 20:39:05,-33.01,17.94,50.0,76,100,4.7,overcast clouds
152,Tual,ID,2020-08-18 20:39:05,-5.67,132.75,77.99,83,74,11.61,broken clouds
153,Sulphur,US,2020-08-18 20:39:08,30.24,-93.38,95.0,34,1,5.82,clear sky
154,Lorengau,PG,2020-08-18 20:37:03,-2.02,147.27,81.55,77,55,7.81,light rain
155,Longyearbyen,SJ,2020-08-18 20:38:36,78.22,15.64,42.8,81,75,11.41,light rain
156,Sanaur,IN,2020-08-18 20:39:09,30.3,76.46,82.4,32,75,2.24,broken clouds
157,Vao,NC,2020-08-18 20:39:09,-22.67,167.48,68.36,63,62,10.71,broken clouds
158,Cherepovets,RU,2020-08-18 20:38:19,59.13,37.9,46.4,100,11,4.12,few clouds
159,Wagar,SD,2020-08-18 20:39:10,16.15,36.2,85.19,57,63,18.3,broken clouds
160,Upernavik,GL,2020-08-18 20:39:11,72.79,-56.15,47.89,62,100,8.63,overcast clouds
161,Kibungo,RW,2020-08-18 20:39:11,-2.16,30.54,75.2,47,40,6.93,scattered clouds
162,Abapo,BO,2020-08-18 20:39:12,-18.83,-63.47,87.31,33,60,14.38,broken clouds
163,Atbasar,KZ,2020-08-18 20:39:12,51.8,68.33,56.01,78,95,7.63,light rain
164,Usinsk,RU,2020-08-18 20:39:13,65.99,57.53,53.96,86,89,13.42,overcast clouds
165,Saravan,AM,2020-08-18 20:37:31,39.72,45.65,71.6,49,75,16.11,broken clouds
166,Whitianga,NZ,2020-08-18 20:39:14,-36.83,175.7,57.0,96,100,15.01,moderate rain
167,Khatanga,RU,2020-08-18 20:39:15,71.97,102.5,48.22,71,57,13.04,broken clouds
168,Mandurah,AU,2020-08-18 20:35:19,-32.55,115.7,41.0,100,40,1.99,scattered clouds
169,Zalantun,CN,2020-08-18 20:39:15,48.0,122.72,53.01,79,81,5.82,broken clouds
170,Nabire,ID,2020-08-18 20:39:15,-3.37,135.48,74.62,89,99,4.45,moderate rain
171,Atambua,ID,2020-08-18 20:39:16,-9.11,124.89,67.3,83,100,3.62,overcast clouds
172,Sinteu,RO,2020-08-18 20:39:16,47.15,22.48,66.2,93,99,4.7,overcast clouds
173,Port Hardy,CA,2020-08-18 20:38:36,50.7,-127.42,60.8,87,90,5.82,light rain
174,Barra Patuca,HN,2020-08-18 20:39:17,15.8,-84.28,83.77,79,97,6.82,light rain
175,Uusikaupunki,FI,2020-08-18 20:39:17,60.8,21.41,59.0,93,0,1.12,clear sky
176,The Valley,AI,2020-08-18 20:37:07,18.22,-63.06,87.8,66,20,18.34,few clouds
177,Crixas,BR,2020-08-18 20:39:18,-14.55,-49.97,91.53,20,61,4.16,broken clouds
178,Nanortalik,GL,2020-08-18 20:39:18,60.14,-45.24,51.66,62,0,4.83,clear sky
179,Komsomolskiy,UZ,2020-08-18 20:39:19,40.43,71.72,66.2,72,57,2.24,light rain
180,Kirakira,SB,2020-08-18 20:39:19,-10.45,161.92,80.28,83,74,7.34,broken clouds
181,Carman,CA,2020-08-18 20:39:20,49.5,-98.0,91.99,39,16,1.01,few clouds
182,Talaya,RU,2020-08-18 20:39:20,61.38,152.75,48.16,72,100,2.15,overcast clouds
183,Kropotkin,RU,2020-08-18 20:39:20,45.44,40.58,69.01,38,0,4.9,clear sky
184,Tonantins,BR,2020-08-18 20:39:21,-2.87,-67.8,87.89,59,76,1.88,broken clouds
185,Chokurdakh,RU,2020-08-18 20:39:21,70.63,147.92,37.53,81,80,8.39,broken clouds
186,Annau,TM,2020-08-18 20:39:21,37.89,58.52,78.8,29,0,4.7,clear sky
187,Hovd,MN,2020-08-18 20:37:04,48.01,91.64,62.78,48,93,3.6,overcast clouds
188,Bilibino,RU,2020-08-18 20:39:23,68.05,166.44,44.29,71,99,5.77,overcast clouds
189,Mayo,US,2020-08-18 20:36:06,38.89,-76.51,88.0,48,1,5.82,clear sky
190,Quatre Cocos,MU,2020-08-18 20:39:23,-20.21,57.76,72.0,73,20,10.29,few clouds
191,Nipawin,CA,2020-08-18 20:39:23,53.37,-104.0,87.8,43,1,9.17,clear sky
192,Mackenzie,CA,2020-08-18 20:39:24,55.3,-123.17,60.8,67,90,11.41,moderate rain
193,Jalu,LY,2020-08-18 20:39:24,29.03,21.55,84.36,36,0,10.47,clear sky
194,Huron,US,2020-08-18 20:39:25,41.15,-82.55,75.0,53,0,4.0,clear sky
195,Krasnoselkup,RU,2020-08-18 20:39:25,65.7,82.47,57.34,62,67,10.36,broken clouds
196,Aykino,RU,2020-08-18 20:39:25,62.22,49.99,46.74,95,100,9.64,light rain
197,Beyneu,KZ,2020-08-18 20:39:26,45.32,55.2,70.21,56,0,8.93,clear sky
198,Camacupa,AO,2020-08-18 20:39:26,-12.02,17.48,63.23,27,1,1.9,clear sky
199,Cidreira,BR,2020-08-18 20:36:53,-30.18,-50.21,62.06,96,100,11.45,moderate rain
200,Zonguldak,TR,2020-08-18 20:39:27,41.25,31.83,60.44,74,0,3.67,clear sky
201,Carnarvon,AU,2020-08-18 20:36:15,-24.87,113.63,59.0,77,32,11.41,scattered clouds
202,Weinan,CN,2020-08-18 20:39:27,34.5,109.51,66.99,100,90,6.71,moderate rain
203,Sorong,ID,2020-08-18 20:39:27,-0.88,131.25,77.61,86,100,7.83,light rain
204,San Patricio,MX,2020-08-18 20:39:28,19.22,-104.7,78.8,83,75,9.17,broken clouds
205,Kampene,CD,2020-08-18 20:39:28,-3.6,26.67,75.72,62,30,2.46,scattered clouds
206,Cooma,AU,2020-08-18 20:39:29,-36.23,149.13,42.8,89,40,9.17,scattered clouds
207,Kismayo,SO,2020-08-18 20:39:29,-0.36,42.55,77.52,80,90,15.84,overcast clouds
208,Yumen,CN,2020-08-18 20:39:29,40.28,97.2,64.49,26,3,8.5,clear sky
209,Solnechnyy,RU,2020-08-18 20:39:30,50.72,136.63,51.53,92,19,3.49,few clouds
210,Nangong,CN,2020-08-18 20:39:30,37.36,115.37,66.81,92,99,6.64,light rain
211,Cayenne,GF,2020-08-18 20:39:31,4.93,-52.33,86.0,66,0,6.93,clear sky
212,Jinxiang,CN,2020-08-18 20:39:31,22.86,115.7,80.51,86,98,14.67,moderate rain
213,Lasa,IT,2020-08-18 20:39:31,46.62,10.7,55.4,93,75,4.7,light rain
214,Qaqortoq,GL,2020-08-18 20:35:53,60.72,-46.03,64.4,39,20,6.93,few clouds
215,Bridgton,US,2020-08-18 20:39:32,44.05,-70.71,81.0,66,54,1.01,broken clouds
216,Gazli,UZ,2020-08-18 20:39:33,40.13,63.45,64.63,28,0,4.56,clear sky
217,Antofagasta,CL,2020-08-18 20:34:55,-23.65,-70.4,59.0,62,40,13.87,scattered clouds
218,Dikson,RU,2020-08-18 20:39:33,73.51,80.55,52.59,72,2,5.84,clear sky
219,Narsaq,GL,2020-08-18 20:39:34,60.92,-46.05,64.4,39,20,6.93,few clouds
220,Conceicao Da Barra,BR,2020-08-18 20:37:52,-18.59,-39.73,73.65,83,28,8.03,scattered clouds
221,Strezhevoy,RU,2020-08-18 20:37:34,60.73,77.59,57.2,93,100,6.71,moderate rain
222,Lebu,CL,2020-08-18 20:39:35,-37.62,-73.65,49.51,70,83,10.94,broken clouds
223,Kloulklubed,PW,2020-08-18 20:39:35,7.04,134.26,83.55,70,96,8.66,overcast clouds
224,Jagtial,IN,2020-08-18 20:39:35,18.8,78.93,76.06,89,100,10.22,light rain
225,Cabo San Lucas,MX,2020-08-18 20:35:06,22.89,-109.91,93.2,36,75,9.17,broken clouds
226,Bathsheba,BB,2020-08-18 20:37:22,13.22,-59.52,86.0,74,75,12.75,broken clouds
227,Tiksi,RU,2020-08-18 20:39:36,71.69,128.87,38.62,84,98,11.83,overcast clouds
228,Victoria,HK,2020-08-18 20:34:42,22.29,114.16,80.01,93,100,11.01,heavy intensity rain
229,Ouallam,NE,2020-08-18 20:39:37,14.32,2.09,84.65,58,67,20.74,broken clouds
230,Elk City,US,2020-08-18 20:39:37,35.41,-99.4,93.2,21,1,5.82,clear sky
231,Takapau,NZ,2020-08-18 20:39:37,-40.03,176.35,48.99,86,100,4.0,overcast clouds
232,Najran,SA,2020-08-18 20:39:38,17.49,44.13,91.4,18,40,9.66,scattered clouds
233,Progreso,MX,2020-08-18 20:39:38,21.28,-89.67,93.0,55,75,11.41,broken clouds
234,Si Bun Ruang,TH,2020-08-18 20:39:38,16.97,102.28,74.7,91,100,3.24,light rain
235,San Pedro De Macoris,DO,2020-08-18 20:39:39,18.46,-69.3,91.4,62,20,6.93,few clouds
236,Adre,TD,2020-08-18 20:39:39,13.47,22.2,75.31,80,99,4.21,overcast clouds
237,Porto Novo,BJ,2020-08-18 20:39:44,6.5,2.6,77.0,88,20,11.41,few clouds
238,Los Llanos De Aridane,ES,2020-08-18 20:39:44,28.66,-17.92,73.4,83,20,12.75,few clouds
239,Chernyshevskiy,RU,2020-08-18 20:39:44,63.01,112.47,47.46,65,79,2.39,broken clouds
240,Hualmay,PE,2020-08-18 20:39:45,-11.1,-77.61,64.87,68,12,11.72,few clouds
241,Lavrentiya,RU,2020-08-18 20:39:46,65.58,-171.0,52.3,70,100,4.54,overcast clouds
242,Puerto Asis,CO,2020-08-18 20:39:46,0.51,-76.5,87.8,55,75,4.7,broken clouds
243,Port-Cartier,CA,2020-08-18 20:37:03,50.03,-66.87,63.0,88,90,12.75,light rain
244,East London,ZA,2020-08-18 20:39:47,-33.02,27.91,54.59,63,85,31.88,overcast clouds
245,Babu,CN,2020-08-18 20:39:47,24.42,111.52,75.85,86,100,3.02,overcast clouds
246,Iqaluit,CA,2020-08-18 20:39:48,63.75,-68.51,42.8,87,75,13.87,broken clouds
247,Aklavik,CA,2020-08-18 20:39:49,68.22,-135.01,60.8,59,20,12.75,few clouds
248,Flin Flon,CA,2020-08-18 20:39:49,54.77,-101.86,80.6,47,40,6.93,scattered clouds
249,Ostrovnoy,RU,2020-08-18 20:39:49,68.05,39.51,45.84,75,0,8.37,clear sky
250,Hirado,JP,2020-08-18 20:39:50,33.36,129.55,73.99,78,0,5.28,clear sky
251,Mechetinskaya,RU,2020-08-18 20:39:50,46.77,40.46,76.32,41,51,8.08,broken clouds
252,Turukhansk,RU,2020-08-18 20:39:50,65.82,87.98,56.43,59,14,11.52,few clouds
253,Aswan,EG,2020-08-18 20:39:51,24.09,32.91,90.7,16,0,9.53,clear sky
254,Novska,HR,2020-08-18 20:39:51,45.34,16.98,64.4,93,100,2.24,light rain
255,Ivaipora,BR,2020-08-18 20:39:51,-24.25,-51.68,64.96,98,100,9.44,heavy intensity rain
256,Makakilo City,US,2020-08-18 20:39:30,21.35,-158.09,84.2,54,40,11.41,scattered clouds
257,Svetlyy,RU,2020-08-18 20:39:52,54.67,20.13,68.0,64,4,6.71,clear sky
258,Camargo,MX,2020-08-18 20:39:52,27.67,-105.17,87.67,25,100,14.07,overcast clouds
259,Kaitangata,NZ,2020-08-18 20:39:52,-46.28,169.85,46.99,74,100,5.14,light rain
260,Thompson,CA,2020-08-18 20:36:16,55.74,-97.86,69.8,56,90,3.36,overcast clouds
261,Tombouctou,ML,2020-08-18 20:39:53,20.0,-3.0,94.55,30,0,11.81,clear sky
262,Menongue,AO,2020-08-18 20:39:53,-14.66,17.69,57.88,32,5,4.41,clear sky
263,Talnakh,RU,2020-08-18 20:39:54,69.49,88.4,57.2,58,1,8.95,clear sky
264,Yerbogachen,RU,2020-08-18 20:39:23,61.28,108.01,46.69,64,0,3.38,clear sky
265,Inhambane,MZ,2020-08-18 20:39:54,-23.86,35.38,71.6,94,20,17.22,few clouds
266,Tarnow,PL,2020-08-18 20:39:54,50.01,20.99,64.99,93,100,8.79,overcast clouds
267,Alugan,PH,2020-08-18 20:39:55,12.22,125.48,77.32,87,94,7.9,light rain
268,Lingao,CN,2020-08-18 20:39:55,19.91,109.69,78.01,86,77,3.8,broken clouds
269,Skibbereen,IE,2020-08-18 20:35:17,51.55,-9.27,59.0,87,40,4.7,scattered clouds
270,Umm Lajj,SA,2020-08-18 20:39:56,25.02,37.27,87.82,54,0,3.74,clear sky
271,Krasnoarmeysk,RU,2020-08-18 20:39:56,51.02,45.7,61.0,53,4,1.01,clear sky
272,Mackay,AU,2020-08-18 20:35:08,-21.15,149.2,64.4,82,0,11.41,clear sky
273,Torbay,CA,2020-08-18 20:39:56,47.67,-52.73,61.0,82,90,20.8,overcast clouds
274,Brae,GB,2020-08-18 20:39:57,60.4,-1.35,57.2,100,98,3.36,overcast clouds
275,Vicuna,CL,2020-08-18 20:39:57,-30.03,-70.71,53.6,66,75,6.93,broken clouds
276,Kununurra,AU,2020-08-18 20:35:54,-15.77,128.73,68.0,86,0,2.77,clear sky
277,Kronshagen,DE,2020-08-18 20:39:58,54.34,10.1,68.0,68,100,3.36,overcast clouds
278,Awjilah,LY,2020-08-18 20:39:58,29.11,21.29,83.21,38,0,8.9,clear sky
279,Airai,TL,2020-08-18 20:39:58,-8.93,125.41,54.37,77,96,2.35,overcast clouds
280,Hamilton,US,2020-08-18 20:37:42,39.18,-84.53,68.0,93,90,8.16,moderate rain
281,Mokobeng,BW,2020-08-18 20:39:59,-23.0,27.67,57.42,32,0,14.94,clear sky
282,Eyl,SO,2020-08-18 20:39:59,7.98,49.82,78.24,76,38,25.3,scattered clouds
283,Noumea,NC,2020-08-18 20:36:44,-22.28,166.46,59.0,87,90,3.36,overcast clouds
284,Alofi,NU,2020-08-18 20:36:50,-19.06,-169.92,76.14,82,58,24.79,broken clouds
285,Muros,ES,2020-08-18 20:40:00,42.78,-9.06,69.01,89,100,17.0,overcast clouds
286,Yarmouth,US,2020-08-18 20:40:00,41.71,-70.23,80.6,54,1,17.22,clear sky
287,Camacha,PT,2020-08-18 20:40:00,33.08,-16.33,73.4,78,0,6.93,clear sky
288,Laguna,US,2020-08-18 20:36:43,38.42,-121.42,104.0,25,1,5.82,clear sky
289,Zhifang,CN,2020-08-18 20:40:01,30.35,114.32,86.0,79,31,6.71,scattered clouds
290,Pauini,BR,2020-08-18 20:40:01,-7.71,-66.98,100.51,25,10,4.05,clear sky
291,Qaanaaq,GL,2020-08-18 20:40:01,77.48,-69.36,44.31,84,100,12.39,light rain
292,Humaita,BR,2020-08-18 20:40:02,-7.51,-63.02,102.15,20,0,3.94,clear sky
293,Onalaska,US,2020-08-18 20:40:02,43.88,-91.24,80.6,36,40,10.29,scattered clouds
294,Chadiza,ZM,2020-08-18 20:40:03,-14.07,32.44,65.59,46,4,3.98,clear sky
295,Norman Wells,CA,2020-08-18 20:40:03,65.28,-126.83,59.0,72,75,3.36,broken clouds
296,Bereda,ES,2020-08-18 20:40:03,43.27,-7.54,69.01,77,100,11.01,overcast clouds
297,Sur,OM,2020-08-18 20:40:04,22.57,59.53,84.83,67,100,12.77,overcast clouds
298,Jumla,NP,2020-08-18 20:39:02,29.27,82.18,63.0,72,60,1.52,light rain
299,Smestad,NO,2020-08-18 20:40:04,59.93,10.67,66.99,67,14,2.15,few clouds
300,Lodwar,KE,2020-08-18 20:40:04,3.12,35.6,83.44,44,90,5.41,overcast clouds
301,Yar-Sale,RU,2020-08-18 20:40:05,66.83,70.83,56.26,78,94,10.45,overcast clouds
302,Ola,RU,2020-08-18 20:40:05,59.58,151.28,50.49,89,100,10.45,light rain
303,La Ronge,CA,2020-08-18 20:40:05,55.1,-105.28,77.0,65,20,11.41,few clouds
304,Impfondo,CG,2020-08-18 20:40:05,1.64,18.07,74.7,85,77,0.98,broken clouds
305,Bud,US,2020-08-18 20:40:06,39.45,-86.18,75.99,69,75,9.17,broken clouds
306,Merauke,ID,2020-08-18 20:40:06,-8.47,140.33,72.01,81,4,12.06,clear sky
307,Jackson,US,2020-08-18 20:35:31,42.42,-122.83,96.01,29,1,4.38,clear sky
308,Port Hedland,AU,2020-08-18 20:40:06,-20.32,118.57,55.4,62,0,5.82,clear sky
309,Keetmanshoop,NA,2020-08-18 20:40:07,-26.58,18.13,40.98,59,0,8.01,clear sky
310,Luwuk,ID,2020-08-18 20:40:09,-0.95,122.79,73.6,74,100,5.35,overcast clouds
311,Carlisle,US,2020-08-18 20:40:09,40.2,-77.19,84.0,66,64,3.8,broken clouds
312,Osakarovka,KZ,2020-08-18 20:40:10,50.56,72.57,56.95,65,95,14.36,overcast clouds
313,Svobodnyy,RU,2020-08-18 20:40:10,51.4,128.13,46.89,77,0,11.23,clear sky
314,Limon,CR,2020-08-18 20:40:11,10.0,-83.03,78.8,88,90,9.17,light intensity drizzle
315,Hasaki,JP,2020-08-18 20:37:33,35.73,140.83,77.0,94,75,5.82,broken clouds
316,Mokrousovo,RU,2020-08-18 20:40:12,55.81,66.77,51.55,96,81,8.03,broken clouds
317,Shushtar,IR,2020-08-18 20:40:12,32.05,48.86,93.2,20,0,3.15,clear sky
318,Mecca,SA,2020-08-18 20:40:13,21.43,39.83,93.96,29,60,6.04,broken clouds
319,Aden,YE,2020-08-18 20:38:28,12.78,45.04,88.36,57,100,6.24,overcast clouds
320,Biabou,VC,2020-08-18 20:40:13,13.2,-61.13,87.8,70,75,10.29,broken clouds
321,Atar,MR,2020-08-18 20:40:13,20.52,-13.05,99.36,24,0,9.57,clear sky
322,Liverpool,GB,2020-08-18 20:40:17,53.41,-2.98,66.2,77,0,4.7,clear sky
323,Malakal,SS,2020-08-18 20:40:17,9.53,31.66,69.51,98,100,3.47,overcast clouds
324,Vila Velha,BR,2020-08-18 20:36:11,-20.33,-40.29,80.01,73,40,11.41,scattered clouds
325,Walvis Bay,NA,2020-08-18 20:40:18,-22.96,14.51,55.4,58,0,3.36,clear sky
326,Rio Branco,BR,2020-08-18 20:40:19,-9.97,-67.81,95.0,41,20,10.29,few clouds
327,Asau,RO,2020-08-18 20:40:19,46.43,26.4,61.0,85,19,3.96,few clouds
328,Sovetskiy,RU,2020-08-18 20:37:28,61.36,63.58,52.65,96,76,5.44,broken clouds
329,Westport,US,2020-08-18 20:38:50,41.14,-73.36,84.99,51,40,13.87,scattered clouds
330,Fukue,JP,2020-08-18 20:40:20,32.69,128.84,82.98,77,0,11.23,clear sky
331,Kodinsk,RU,2020-08-18 20:40:21,58.69,99.18,53.89,74,96,2.8,overcast clouds
332,Mantua,IT,2020-08-18 20:40:21,45.17,10.78,73.99,75,5,5.99,light rain
333,Blackwater,AU,2020-08-18 20:40:21,-23.58,148.88,59.88,69,0,5.23,clear sky
334,Avera,US,2020-08-18 20:40:22,33.19,-82.53,91.0,41,90,10.29,thunderstorm with light rain
335,Kamaishi,JP,2020-08-18 20:40:22,39.27,141.88,71.83,82,38,3.89,scattered clouds
336,Nanuque,BR,2020-08-18 20:40:23,-17.84,-40.35,74.5,76,64,11.1,light rain
337,Constitucion,CL,2020-08-18 20:40:23,-35.33,-72.42,51.44,76,95,12.64,overcast clouds
338,Nykoping,SE,2020-08-18 20:40:24,58.75,17.01,66.2,93,21,5.82,few clouds
339,Satipo,PE,2020-08-18 20:40:24,-11.25,-74.64,89.65,37,70,2.71,broken clouds
340,Bilma,NE,2020-08-18 20:40:25,18.69,12.92,98.4,15,79,5.5,broken clouds
341,Nemuro,JP,2020-08-18 20:40:26,43.32,145.57,62.56,92,86,14.61,overcast clouds
342,Banda Aceh,ID,2020-08-18 20:40:27,5.56,95.32,79.3,79,86,5.39,overcast clouds
343,Ishigaki,JP,2020-08-18 20:40:27,24.34,124.16,84.16,75,40,7.36,scattered clouds
344,Kolomak,UA,2020-08-18 20:40:27,49.84,35.3,68.07,59,9,6.62,clear sky
345,Daru,PG,2020-08-18 20:40:28,-9.08,143.21,72.82,78,0,9.66,clear sky
346,Kruisfontein,ZA,2020-08-18 20:40:28,-34.0,24.73,49.32,77,67,19.44,light rain
347,San Julian,MX,2020-08-18 20:40:28,21.02,-102.17,70.74,68,79,7.14,moderate rain
348,Jilin,CN,2020-08-18 20:40:29,43.0,126.0,63.21,96,100,6.08,light rain
349,Isangel,VU,2020-08-18 20:40:29,-19.55,169.27,66.2,93,40,7.99,scattered clouds
350,Goba,ET,2020-08-18 20:40:30,7.02,39.98,52.34,85,100,4.94,overcast clouds
351,Vestmannaeyjar,IS,2020-08-18 20:39:54,63.44,-20.27,52.97,86,59,21.83,broken clouds
352,Manaus,BR,2020-08-18 20:40:30,-3.1,-60.02,93.2,59,40,3.36,scattered clouds
353,Marrakesh,MA,2020-08-18 20:36:12,31.63,-8.01,86.0,37,20,12.75,few clouds
354,Santa Isabel Do Rio Negro,BR,2020-08-18 20:40:31,-0.41,-65.02,90.72,55,84,2.48,broken clouds
355,Ordynskoye,RU,2020-08-18 20:40:31,54.37,81.9,54.34,90,29,8.14,scattered clouds
356,Jishou,CN,2020-08-18 20:40:32,28.32,109.72,74.61,84,84,1.61,light rain
357,Mahibadhoo,MV,2020-08-18 20:40:32,3.78,72.97,82.15,68,89,3.76,overcast clouds
358,Macas,EC,2020-08-18 20:40:32,-2.32,-78.12,73.4,78,75,11.41,shower rain
359,Pryozerne,UA,2020-08-18 20:40:33,45.27,36.33,73.56,59,0,7.7,clear sky
360,Tautira,PF,2020-08-18 20:40:33,-17.73,-149.15,82.4,61,20,2.24,few clouds
361,Vostok,RU,2020-08-18 20:40:33,46.49,135.88,59.02,100,91,3.31,light rain
362,Lokosovo,RU,2020-08-18 20:40:34,61.13,74.82,56.71,95,100,7.58,moderate rain
363,Sechura,PE,2020-08-18 20:40:34,-5.56,-80.82,72.55,55,100,19.15,overcast clouds
364,Uarini,BR,2020-08-18 20:40:35,-2.99,-65.11,89.6,62,20,4.7,few clouds
365,Dumka,IN,2020-08-18 20:40:35,24.27,87.25,80.2,89,0,6.67,clear sky
366,Ust-Omchug,RU,2020-08-18 20:40:35,61.15,149.63,48.02,78,100,3.31,overcast clouds
367,Buala,SB,2020-08-18 20:40:36,-8.14,159.59,81.34,76,100,4.03,light rain
368,Fengrun,CN,2020-08-18 20:40:36,39.83,118.12,68.4,90,100,6.67,light rain
369,Geraldton,AU,2020-08-18 20:40:36,-28.77,114.6,46.4,93,77,8.05,broken clouds
370,Grand Gaube,MU,2020-08-18 20:40:36,-20.01,57.66,72.0,70,1,8.99,clear sky
371,Lungi,SL,2020-08-18 20:40:37,9.22,-12.68,75.81,93,100,6.35,overcast clouds
372,Guerande,FR,2020-08-18 20:40:37,47.33,-2.43,68.0,94,75,6.93,broken clouds
373,Bonthe,SL,2020-08-18 20:36:06,7.53,-12.51,76.77,89,83,9.66,light rain
374,Pontes E Lacerda,BR,2020-08-18 20:40:38,-15.23,-59.34,101.43,12,0,5.82,clear sky
375,Porto Santo,PT,2020-08-18 20:40:38,33.07,-16.34,73.4,78,0,6.93,clear sky
376,Gunjur,GM,2020-08-18 20:40:38,13.2,-16.73,80.6,94,40,4.7,scattered clouds
377,Rodnykove,UA,2020-08-18 20:40:38,45.04,33.95,64.56,62,0,4.79,clear sky
378,Abha,SA,2020-08-18 20:40:39,18.22,42.51,75.2,64,95,1.68,overcast clouds
379,Vallenar,CL,2020-08-18 20:40:39,-28.57,-70.76,62.62,38,0,7.11,clear sky
380,Tuatapere,NZ,2020-08-18 20:36:06,-46.13,167.68,48.02,80,100,6.62,overcast clouds
381,Kondinskoye,RU,2020-08-18 20:40:40,59.65,67.41,51.17,95,71,4.38,broken clouds
382,Kaspiyskiy,RU,2020-08-18 20:40:40,45.39,47.37,74.32,47,0,9.53,clear sky
383,Swan Hill,AU,2020-08-18 20:40:41,-35.34,143.55,45.5,91,93,12.93,overcast clouds
384,Klaksvik,FO,2020-08-18 20:40:41,62.23,-6.59,51.8,81,100,6.93,overcast clouds
385,Ilulissat,GL,2020-08-18 20:40:41,69.22,-51.1,51.8,51,75,4.7,broken clouds
386,Calabozo,VE,2020-08-18 20:40:41,8.92,-67.43,76.84,94,99,2.33,overcast clouds
387,Edson,CA,2020-08-18 20:40:42,53.58,-116.44,80.6,44,1,4.7,clear sky
388,Sale,MA,2020-08-18 20:40:35,34.04,-6.82,72.0,88,0,4.79,clear sky
389,Katsuura,JP,2020-08-18 20:40:40,35.13,140.3,78.8,88,75,8.05,broken clouds
390,Xianyang,CN,2020-08-18 20:40:43,34.34,108.7,66.99,100,90,6.71,moderate rain
391,Olafsvik,IS,2020-08-18 20:40:43,64.89,-23.71,53.64,83,33,10.98,scattered clouds
392,Piracuruca,BR,2020-08-18 20:40:43,-3.93,-41.71,89.42,26,72,3.44,broken clouds
393,Skibotn,NO,2020-08-18 20:40:44,69.39,20.27,50.0,87,75,8.05,broken clouds
394,Mustang,US,2020-08-18 20:40:44,35.38,-97.72,91.4,35,40,11.41,scattered clouds
395,Caxito,AO,2020-08-18 20:40:44,-8.58,13.66,71.6,78,75,3.36,broken clouds
396,Diadema,BR,2020-08-18 20:40:45,-23.69,-46.62,64.4,82,95,6.93,overcast clouds
397,San Cristobal,VE,2020-08-18 20:40:45,7.77,-72.22,87.8,55,40,6.93,scattered clouds
398,Vaitape,PF,2020-08-18 20:40:45,-16.52,-151.75,79.32,76,0,19.48,clear sky
399,Husavik,IS,2020-08-18 20:40:46,66.04,-17.34,50.0,87,90,16.11,overcast clouds
400,Paamiut,GL,2020-08-18 20:40:46,61.99,-49.67,47.79,70,0,3.56,clear sky
401,De Aar,ZA,2020-08-18 20:40:46,-30.65,24.01,33.03,88,0,10.49,clear sky
402,Batemans Bay,AU,2020-08-18 20:40:47,-35.72,150.18,44.01,79,0,1.01,clear sky
403,Khargone,IN,2020-08-18 20:40:47,21.82,75.6,76.82,88,100,11.36,overcast clouds
404,Bundaberg,AU,2020-08-18 20:40:47,-24.85,152.35,68.0,82,0,16.11,clear sky
405,Rensvik,NO,2020-08-18 20:40:50,63.1,7.82,64.4,77,35,4.7,scattered clouds
406,Putina,PE,2020-08-18 20:40:50,-15.47,-69.43,53.67,40,1,3.38,clear sky
407,Arica,CL,2020-08-18 20:40:51,-18.48,-70.3,64.4,68,21,16.11,few clouds
408,Moss Point,US,2020-08-18 20:40:51,30.41,-88.53,95.0,53,40,8.05,scattered clouds
409,Onguday,RU,2020-08-18 20:40:52,50.75,86.15,54.01,80,99,3.69,overcast clouds
410,Aksarayskiy,RU,2020-08-18 20:40:52,46.79,48.01,69.8,56,89,4.47,overcast clouds
411,Barbacena,BR,2020-08-18 20:40:52,-21.23,-43.77,75.2,53,2,6.93,clear sky
412,Bor,RU,2020-08-18 20:36:29,56.36,44.07,48.2,93,4,3.62,clear sky
413,Dunedin,NZ,2020-08-18 20:37:58,-45.87,170.5,46.99,75,100,3.0,overcast clouds
414,Mbanza-Ngungu,CD,2020-08-18 20:40:53,-5.25,14.87,75.72,59,33,9.44,scattered clouds
415,Sandwick,GB,2020-08-18 20:40:53,60.0,-1.25,57.2,100,79,3.36,broken clouds
416,Leningradskiy,RU,2020-08-18 20:40:53,69.38,178.42,48.56,55,8,4.52,clear sky
417,Kandrian,PG,2020-08-18 20:40:54,-6.22,149.55,75.38,78,43,9.04,scattered clouds
418,Kavaratti,IN,2020-08-18 20:40:54,10.57,72.64,81.64,80,100,11.18,overcast clouds
419,San Quintin,MX,2020-08-18 20:40:54,30.48,-115.95,83.19,55,3,5.97,clear sky
420,Kurikka,FI,2020-08-18 20:40:54,62.62,22.42,57.99,100,75,3.36,broken clouds
421,Saint-Louis,SN,2020-08-18 20:40:55,16.33,-15.0,87.39,63,3,19.22,clear sky
422,Moron,AR,2020-08-18 20:36:06,-34.65,-58.62,66.0,33,0,8.01,clear sky
423,Luanda,AO,2020-08-18 20:40:55,-8.84,13.23,71.6,78,75,3.36,broken clouds
424,Venado Tuerto,AR,2020-08-18 20:40:56,-33.75,-61.97,63.0,28,27,17.0,scattered clouds
425,Lufilufi,WS,2020-08-18 20:40:56,-13.87,-171.6,81.91,79,32,19.82,scattered clouds
426,Mhlume,SZ,2020-08-18 20:40:56,-26.03,31.85,60.03,71,70,12.1,broken clouds
427,Ferrol,ES,2020-08-18 20:40:56,43.48,-8.24,73.0,73,20,12.75,few clouds
428,Verkhoyansk,RU,2020-08-18 20:40:57,67.54,133.38,51.3,78,96,4.25,overcast clouds
429,Laje,BR,2020-08-18 20:40:57,-10.18,-40.97,74.48,54,68,10.96,broken clouds
430,Manaure,CO,2020-08-18 20:40:57,11.78,-72.44,84.97,71,86,14.74,overcast clouds
431,Sandpoint,US,2020-08-18 20:39:31,48.28,-116.55,89.01,33,1,3.36,clear sky
432,Yaan,NG,2020-08-18 20:40:58,7.38,8.57,76.19,90,100,3.8,moderate rain
433,Itoman,JP,2020-08-18 20:40:58,26.12,127.67,82.4,88,20,6.93,few clouds
434,Port Said,EG,2020-08-18 20:40:58,31.26,32.28,79.92,75,0,12.15,clear sky
435,Baghdad,IQ,2020-08-18 20:39:56,33.34,44.4,91.4,18,0,8.05,clear sky
436,Tezu,IN,2020-08-18 20:37:49,27.92,96.17,73.8,80,54,3.44,broken clouds
437,Minanga,PH,2020-08-18 20:40:59,17.76,121.73,74.68,87,97,1.68,overcast clouds
438,Jimo,CN,2020-08-18 20:40:59,36.39,120.46,82.4,94,44,6.71,mist
439,Namatanai,PG,2020-08-18 20:41:00,-3.67,152.43,79.29,80,3,10.09,clear sky
440,Silva Jardim,BR,2020-08-18 20:41:00,-22.65,-42.39,77.0,78,51,13.87,broken clouds
441,Dolores,AR,2020-08-18 20:41:00,-36.31,-57.68,53.71,62,99,5.77,overcast clouds
442,Sharqpur,PK,2020-08-18 20:41:01,31.46,74.1,91.72,58,0,8.7,clear sky
443,Havelock,US,2020-08-18 20:41:01,34.88,-76.9,89.6,46,20,3.36,few clouds
444,San Lorenzo,PY,2020-08-18 20:38:32,-25.33,-57.53,80.6,61,75,9.17,broken clouds
445,Yulara,AU,2020-08-18 20:39:11,-25.24,130.99,42.8,48,0,8.05,clear sky
446,Nogent-Le-Rotrou,FR,2020-08-18 20:41:02,48.33,1.0,72.0,68,75,6.93,broken clouds
447,Santa Cruz,BO,2020-08-18 20:41:02,-17.8,-63.17,78.8,74,75,12.75,broken clouds
448,Visnes,NO,2020-08-18 20:41:02,59.36,5.22,64.99,93,97,5.82,light rain
449,Denton,US,2020-08-18 20:40:55,33.2,-97.13,96.01,28,1,14.99,clear sky
450,Jyvaskyla,FI,2020-08-18 20:41:03,62.24,25.72,54.0,87,41,3.76,scattered clouds
451,Shirokiy,RU,2020-08-18 20:41:03,49.76,129.52,46.26,80,30,9.71,scattered clouds
452,Ballina,AU,2020-08-18 20:41:04,-28.87,153.57,62.01,87,40,14.52,scattered clouds
453,Celestun,MX,2020-08-18 20:41:04,20.87,-90.4,86.4,63,2,11.12,clear sky
454,Manati,PR,2020-08-18 20:41:04,18.43,-66.49,87.8,66,40,18.34,haze
455,Innisfail,AU,2020-08-18 20:38:40,-17.53,146.03,60.98,82,70,4.16,broken clouds
456,Camabatela,AO,2020-08-18 20:41:05,-8.19,15.38,64.53,70,14,4.88,few clouds
457,Nuuk,GL,2020-08-18 20:37:27,64.18,-51.72,66.2,42,5,3.36,clear sky
458,Zverinogolovskoye,RU,2020-08-18 20:41:06,54.46,64.85,50.52,89,92,11.88,overcast clouds
459,Champerico,GT,2020-08-18 20:41:06,14.3,-91.92,86.0,66,75,4.7,broken clouds
460,Pekan,MY,2020-08-18 20:41:07,3.48,103.4,73.4,94,20,4.68,few clouds
461,Shimoda,JP,2020-08-18 20:41:07,34.67,138.95,73.99,94,69,8.12,broken clouds
462,Faanui,PF,2020-08-18 20:41:07,-16.48,-151.75,78.44,78,0,19.42,clear sky
463,Rio Gallegos,AR,2020-08-18 20:36:30,-51.62,-69.22,35.6,55,20,16.11,few clouds
464,Otrado-Olginskoye,RU,2020-08-18 20:41:08,45.31,40.94,66.15,41,0,3.11,clear sky
465,Sancel,RO,2020-08-18 20:41:08,46.2,23.95,68.0,82,75,5.82,shower rain
466,Waingapu,ID,2020-08-18 20:41:08,-9.66,120.26,71.22,81,44,5.12,scattered clouds
467,Goias,BR,2020-08-18 20:41:09,-15.58,-49.64,87.08,22,0,3.15,clear sky
468,Ronneby,SE,2020-08-18 20:41:09,56.21,15.28,64.4,93,55,1.12,broken clouds
469,Ahuimanu,US,2020-08-18 20:41:09,21.44,-157.84,84.2,61,75,14.99,broken clouds
470,Shirgaon,IN,2020-08-18 20:41:10,19.7,72.7,80.71,86,100,15.26,light rain
471,Wuwei,CN,2020-08-18 20:41:10,37.93,102.64,64.78,36,64,3.87,broken clouds
472,Ndungu,TZ,2020-08-18 20:41:10,-4.37,38.05,68.4,72,97,0.67,overcast clouds
473,Jiangyou,CN,2020-08-18 20:41:10,31.77,104.72,65.95,79,100,0.16,overcast clouds
474,Myre,NO,2020-08-18 20:41:11,69.1,15.95,50.0,93,75,9.17,broken clouds
475,Gualeguaychu,AR,2020-08-18 20:39:54,-33.01,-58.52,68.0,44,0,2.89,clear sky
476,Tamandare,BR,2020-08-18 20:41:11,-8.76,-35.1,74.7,79,17,11.12,few clouds
477,Burnie,AU,2020-08-18 20:41:11,-41.07,145.92,44.01,91,99,1.99,overcast clouds
478,Syracuse,IT,2020-08-18 20:41:11,37.09,15.28,80.6,88,0,5.82,clear sky
479,Aranos,NA,2020-08-18 20:41:12,-24.13,19.12,38.93,66,0,8.59,clear sky
480,Anshun,CN,2020-08-18 20:41:12,26.25,105.93,63.3,94,100,3.49,overcast clouds
481,Nouadhibou,MR,2020-08-18 20:41:12,20.93,-17.03,71.6,83,0,23.04,clear sky
482,Itarema,BR,2020-08-18 20:41:13,-2.92,-39.92,78.76,70,27,18.77,scattered clouds
483,Praia Da Vitoria,PT,2020-08-18 20:41:13,38.73,-27.07,77.0,88,75,19.04,light rain
484,Byron Bay,AU,2020-08-18 20:41:14,-28.65,153.62,62.01,87,40,9.93,scattered clouds
485,Kuna,US,2020-08-18 20:37:55,43.49,-116.42,97.0,21,1,5.82,clear sky
486,Lebanon,US,2020-08-18 20:41:15,36.21,-86.29,89.6,43,75,8.05,broken clouds
487,Takoradi,GH,2020-08-18 20:41:15,4.88,-1.76,75.07,89,35,9.6,scattered clouds
488,Burgersdorp,ZA,2020-08-18 20:41:15,-31.0,26.33,31.24,94,1,18.01,clear sky
489,North Battleford,CA,2020-08-18 20:41:15,52.78,-108.28,89.01,37,1,2.24,clear sky
490,Gat,IL,2020-08-18 20:41:16,31.61,34.76,81.0,91,0,3.0,clear sky
491,Yelovo,RU,2020-08-18 20:41:16,57.05,54.92,44.46,91,6,10.65,clear sky
492,Baruun-Urt,MN,2020-08-18 20:41:17,46.68,113.28,47.3,85,15,8.32,few clouds
493,Chauk,MM,2020-08-18 20:41:17,20.88,94.82,74.73,91,100,16.87,light rain
494,Puerto Colombia,CO,2020-08-18 20:41:18,10.99,-74.95,91.4,63,40,3.36,shower rain
495,Eureka,US,2020-08-18 20:40:45,40.8,-124.16,69.01,82,40,6.93,scattered clouds
496,Araouane,ML,2020-08-18 20:41:19,18.9,-3.53,90.0,38,100,9.89,light rain
497,Takhtamygda,RU,2020-08-18 20:41:20,54.1,123.57,40.37,91,0,2.89,clear sky
498,Balkhash,KZ,2020-08-18 20:41:20,46.84,74.98,67.5,42,0,6.24,clear sky
499,Comodoro Rivadavia,AR,2020-08-18 20:41:20,-45.87,-67.5,44.6,33,40,20.8,scattered clouds
500,Saint-Francois,FR,2020-08-18 20:41:21,46.42,3.91,73.4,56,5,1.01,clear sky
501,Ust-Nera,RU,2020-08-18 20:41:21,64.57,143.2,50.56,61,1,1.3,clear sky
502,That Phanom,TH,2020-08-18 20:41:21,16.94,104.71,74.1,93,92,3.76,light rain
503,Imbituba,BR,2020-08-18 20:41:24,-28.24,-48.67,66.2,93,75,6.93,broken clouds
504,Bastia,FR,2020-08-18 20:41:28,42.67,9.33,78.01,83,20,2.24,few clouds
505,Muravlenko,RU,2020-08-18 20:41:34,63.79,74.52,56.71,79,96,14.43,overcast clouds
506,Mogadishu,SO,2020-08-18 20:41:37,2.04,45.34,76.39,87,88,15.57,light rain
507,Sibu,MY,2020-08-18 20:41:40,2.3,111.82,75.2,94,40,4.7,scattered clouds
508,Sioux Lookout,CA,2020-08-18 20:41:43,50.1,-91.92,62.6,77,75,4.7,broken clouds
509,Calamar,CO,2020-08-18 20:41:46,10.25,-74.91,87.8,74,75,9.17,shower rain
510,Palmer,US,2020-08-18 20:41:35,42.16,-72.33,82.4,34,40,13.87,scattered clouds
511,Mugur-Aksy,RU,2020-08-18 20:41:52,50.35,90.5,50.79,70,100,4.85,overcast clouds
512,Abu Kamal,SY,2020-08-18 20:41:58,34.45,40.92,84.0,21,0,13.27,clear sky
513,Deputatskiy,RU,2020-08-18 20:42:00,69.3,139.9,39.88,97,100,2.64,light rain
514,Kijini,TZ,2020-08-18 20:42:03,-5.85,39.32,74.34,84,100,7.4,light rain
515,Kambove,CD,2020-08-18 20:42:07,-10.88,26.6,62.08,31,0,3.53,clear sky
516,Graaff-Reinet,ZA,2020-08-18 20:42:10,-32.25,24.53,42.01,66,38,1.01,scattered clouds
517,Viedma,AR,2020-08-18 20:41:42,-40.81,-63.0,46.0,49,23,8.01,few clouds
518,Mindelo,CV,2020-08-18 20:42:16,16.89,-24.98,82.4,74,20,5.82,few clouds
519,Charlestown,AU,2020-08-18 20:38:24,-32.95,151.67,55.99,93,0,3.36,clear sky
520,Chicama,PE,2020-08-18 20:42:22,-7.84,-79.15,68.79,59,56,11.59,broken clouds
521,Emba,KZ,2020-08-18 20:42:25,48.83,58.14,58.84,55,0,9.73,clear sky
522,Erdenet,MN,2020-08-18 20:42:28,49.03,104.08,47.37,80,67,3.36,broken clouds
523,Tiarei,PF,2020-08-18 20:42:31,-17.53,-149.33,82.4,61,20,2.24,few clouds
524,Taksimo,RU,2020-08-18 20:42:34,56.34,114.88,45.5,68,0,0.83,clear sky
525,Ponnani,IN,2020-08-18 20:42:40,10.77,75.93,75.2,94,75,4.7,light rain
526,Kurchum,KZ,2020-08-18 20:40:29,48.57,83.65,60.3,85,10,5.37,clear sky
527,Beloha,MG,2020-08-18 20:42:46,-25.17,45.05,68.85,60,10,8.39,clear sky
528,Rafaela,AR,2020-08-18 20:42:49,-31.25,-61.49,77.0,16,0,3.0,clear sky
529,Kazerun,IR,2020-08-18 20:42:52,29.62,51.65,84.96,16,1,1.19,clear sky
530,Samarai,PG,2020-08-18 20:42:55,-10.62,150.67,73.87,64,100,6.42,overcast clouds
531,Sao Filipe,CV,2020-08-18 20:42:58,14.9,-24.5,79.74,82,59,4.23,broken clouds
532,Yarada,IN,2020-08-18 20:39:06,17.65,83.27,84.2,83,90,4.7,overcast clouds
533,Tiznit,MA,2020-08-18 20:42:06,29.58,-9.5,70.34,59,0,3.31,clear sky
534,Cairns,AU,2020-08-18 20:43:04,-16.92,145.77,59.0,100,83,4.21,broken clouds
535,Russell,US,2020-08-18 20:42:22,32.35,-85.2,93.2,41,1,6.93,clear sky
536,Dingle,PH,2020-08-18 20:43:05,11.0,122.67,75.13,91,100,2.84,light rain
537,Rocha,UY,2020-08-18 20:43:05,-34.48,-54.33,55.98,72,0,1.79,clear sky
538,Stege,DK,2020-08-18 20:43:05,54.99,12.28,70.0,88,100,1.01,overcast clouds
539,Kurilsk,RU,2020-08-18 20:40:35,45.23,147.88,57.74,84,80,8.97,broken clouds
540,Kangaatsiaq,GL,2020-08-18 20:43:07,68.31,-53.46,50.85,65,92,5.95,overcast clouds
541,Ukiah,US,2020-08-18 20:39:01,39.15,-123.21,100.99,32,1,4.7,clear sky
542,Matveyevka,RU,2020-08-18 20:43:07,52.15,56.18,42.8,93,0,8.95,clear sky
543,Acapulco,MX,2020-08-18 20:43:08,16.86,-99.89,86.0,74,20,9.17,few clouds
544,Todos Santos,MX,2020-08-18 20:39:24,23.45,-110.22,80.01,88,81,1.99,light rain
545,Klyuchi,RU,2020-08-18 20:43:09,52.27,79.17,60.58,72,39,6.85,scattered clouds
546,Saint-Pierre,RE,2020-08-18 20:41:04,-21.34,55.48,66.2,77,37,5.82,scattered clouds
547,Springdale,US,2020-08-18 20:43:10,36.19,-94.13,86.0,37,1,11.41,clear sky
548,Owase,JP,2020-08-18 20:43:10,34.07,136.2,79.95,76,99,2.91,overcast clouds
549,Saint-Augustin,CA,2020-08-18 20:39:19,51.23,-58.65,64.67,68,98,19.3,overcast clouds
550,Yatou,CN,2020-08-18 20:43:11,37.15,122.38,76.89,96,59,8.14,broken clouds
551,Sokode,TG,2020-08-18 20:43:11,8.98,1.13,72.34,95,18,1.21,few clouds
552,Mukhen,RU,2020-08-18 20:43:11,48.1,136.1,60.28,95,42,7.65,scattered clouds
553,Tabuk,PH,2020-08-18 20:43:12,17.42,121.44,73.94,85,89,1.19,overcast clouds
554,Bandarban,BD,2020-08-18 20:43:12,22.2,92.23,74.98,97,100,3.31,moderate rain
555,Tarko-Sale,RU,2020-08-18 20:43:12,64.92,77.78,57.0,90,63,7.0,broken clouds
556,Curaca,BR,2020-08-18 20:43:13,-8.99,-39.91,83.48,28,23,12.86,few clouds
557,Shelburne,CA,2020-08-18 20:41:38,44.08,-80.2,70.0,64,2,12.53,clear sky
558,Ixtapa,MX,2020-08-18 20:43:13,20.7,-105.2,82.4,78,90,1.99,light rain
559,Weston,US,2020-08-18 20:39:02,26.1,-80.4,98.01,55,40,8.05,scattered clouds
560,West Bay,KY,2020-08-18 20:43:14,19.37,-81.42,89.01,74,40,5.82,scattered clouds
561,Namibe,AO,2020-08-18 20:41:37,-15.2,12.15,62.31,76,83,1.14,broken clouds
562,Boa Vista,BR,2020-08-18 20:43:00,2.82,-60.67,91.4,49,75,5.82,broken clouds
563,Shingu,JP,2020-08-18 20:43:15,33.73,135.98,77.4,78,100,4.34,overcast clouds
564,Acari,PE,2020-08-18 20:43:15,-15.43,-74.62,65.37,56,73,9.42,broken clouds
565,Frutal,BR,2020-08-18 20:43:16,-20.02,-48.94,86.25,27,45,6.6,scattered clouds
566,Saint-Georges,GD,2020-08-18 20:43:16,12.06,-61.75,84.2,79,75,14.99,broken clouds
567,Fayaoue,NC,2020-08-18 20:43:16,-20.65,166.53,70.11,67,2,5.84,clear sky
568,Taldan,RU,2020-08-18 20:43:17,53.67,124.8,42.12,83,0,6.22,clear sky
569,Salalah,OM,2020-08-18 20:43:17,17.02,54.09,77.0,100,90,3.36,light intensity drizzle
570,Marseille,FR,2020-08-18 20:43:17,43.33,5.5,77.0,61,0,9.17,clear sky
571,Marawi,PH,2020-08-18 20:43:17,8.0,124.29,73.0,94,93,5.99,overcast clouds
572,Sobolevo,RU,2020-08-18 20:43:18,54.43,31.9,61.02,77,100,7.96,overcast clouds
573,Chapais,CA,2020-08-18 20:43:18,49.78,-74.85,59.0,72,90,10.29,overcast clouds
574,Belleville,CA,2020-08-18 20:43:19,44.18,-77.37,73.99,64,40,10.29,scattered clouds
575,Ndele,CF,2020-08-18 20:43:19,8.41,20.65,72.07,94,100,3.38,overcast clouds
576,Tilichiki,RU,2020-08-18 20:43:19,60.47,166.1,52.48,47,100,2.1,overcast clouds
577,Meulaboh,ID,2020-08-18 20:43:20,4.14,96.13,77.94,83,100,3.76,overcast clouds
578,Etropole,BG,2020-08-18 20:43:20,42.83,24.0,69.01,72,20,3.36,few clouds
579,Portland,US,2020-08-18 20:41:08,45.52,-122.68,82.0,53,20,10.29,few clouds
580,Newport,GB,2020-08-18 20:43:21,51.59,-3.0,66.0,88,17,3.42,few clouds
581,Shenjiamen,CN,2020-08-18 20:43:21,29.96,122.3,80.33,90,0,9.35,clear sky
582,Zhigansk,RU,2020-08-18 20:43:23,66.77,123.37,47.46,91,27,16.46,scattered clouds
583,Adrar,MR,2020-08-18 20:43:23,20.5,-10.07,104.22,10,0,12.35,clear sky
584,Xuzhou,CN,2020-08-18 20:43:23,34.18,117.16,80.69,86,54,4.74,light rain
585,Juterbog,DE,2020-08-18 20:43:24,51.98,13.08,66.99,88,75,3.36,broken clouds
586,Tessalit,ML,2020-08-18 20:42:58,20.2,1.01,97.63,12,0,8.93,clear sky
587,Kutum,SD,2020-08-18 20:43:24,14.2,24.67,75.94,61,55,7.81,broken clouds
588,Karaton,ID,2020-08-18 20:43:25,-6.34,106.1,77.0,83,20,2.24,mist
589,Phu Ly,VN,2020-08-18 20:43:25,20.54,105.91,76.35,94,100,1.52,light rain
590,Issenye,TZ,2020-08-18 20:43:26,-2.0,34.33,72.07,60,77,3.67,broken clouds
591,Yekaterinovka,RU,2020-08-18 20:43:27,52.05,44.35,54.28,63,86,3.85,overcast clouds
592,Hobyo,SO,2020-08-18 20:41:55,5.35,48.53,77.52,83,46,25.81,scattered clouds
593,Kuching,MY,2020-08-18 20:43:27,1.55,110.33,73.4,100,40,3.36,scattered clouds
594,Hanko,FI,2020-08-18 20:43:28,59.83,22.95,66.0,94,16,6.49,few clouds
595,Arman,RU,2020-08-18 20:43:28,59.7,150.17,50.38,90,100,7.94,light rain
596,Costinesti,RO,2020-08-18 20:43:28,43.95,28.63,71.6,68,40,11.41,scattered clouds
597,San Juan,AR,2020-08-18 20:42:00,-31.54,-68.54,62.92,28,39,21.12,scattered clouds
598,Noshiro,JP,2020-08-18 20:43:29,40.2,140.02,70.3,90,3,4.18,clear sky
599,Manono,CD,2020-08-18 20:39:25,-7.3,27.42,75.9,28,2,4.5,clear sky
600,Bondowoso,ID,2020-08-18 20:43:30,-7.91,113.82,70.99,78,34,3.58,scattered clouds
601,Healdsburg,US,2020-08-18 20:43:30,38.61,-122.87,102.99,34,75,5.82,broken clouds
602,Puerto Princesa,PH,2020-08-18 20:43:30,9.74,118.74,79.92,79,100,4.76,light rain
603,Yeniseysk,RU,2020-08-18 20:43:31,58.45,92.17,59.22,80,100,5.41,overcast clouds
604,Dingzhou,CN,2020-08-18 20:43:31,38.51,115.0,69.8,88,90,4.47,light rain
605,Orlik,RU,2020-08-18 20:43:31,52.52,99.83,48.33,73,41,2.8,scattered clouds
606,Broome,US,2020-08-18 20:43:32,42.25,-75.83,77.0,36,75,12.75,broken clouds
607,Praia,CV,2020-08-18 20:39:52,14.92,-23.51,82.4,78,75,6.93,broken clouds
608,Teknaf,BD,2020-08-18 20:43:32,20.86,92.31,79.83,90,100,10.54,moderate rain
609,Vila Franca Do Campo,PT,2020-08-18 20:41:37,37.72,-25.43,75.2,88,75,18.34,broken clouds
610,Anadyr,RU,2020-08-18 20:43:33,64.75,177.48,50.0,87,40,2.24,fog
611,Gamba,GA,2020-08-18 20:43:33,-2.65,10.0,73.72,90,100,12.39,light rain
612,Skagen,DK,2020-08-18 20:43:33,57.72,10.58,72.0,85,100,3.0,overcast clouds
613,Sangueya,GN,2020-08-18 20:43:34,10.7,-14.37,76.86,93,100,5.79,moderate rain
614,Naze,JP,2020-08-18 20:43:34,28.37,129.48,82.4,88,20,4.7,few clouds
615,Xuddur,SO,2020-08-18 20:43:34,4.12,43.89,75.06,74,61,21.94,broken clouds
616,Qasigiannguit,GL,2020-08-18 20:43:35,68.82,-51.19,51.8,49,75,4.7,broken clouds
617,Conceicao Do Araguaia,BR,2020-08-18 20:43:35,-8.26,-49.26,93.83,26,3,4.23,clear sky
618,Port Lincoln,AU,2020-08-18 20:43:35,-34.73,135.87,52.43,70,75,25.26,broken clouds
619,Cabedelo,BR,2020-08-18 20:43:35,-6.98,-34.83,78.8,74,20,13.87,few clouds
620,Konibodom,TJ,2020-08-18 20:43:39,40.28,70.44,68.0,77,75,15.66,broken clouds
621,Taoudenni,ML,2020-08-18 20:43:39,22.68,-3.98,107.08,15,4,14.92,clear sky
622,Sabzevar,IR,2020-08-18 20:43:39,36.21,57.68,69.37,31,0,9.69,clear sky
623,Zima,RU,2020-08-18 20:43:40,53.92,102.04,53.38,73,8,7.29,clear sky
624,Mareeba,AU,2020-08-18 20:42:19,-17.0,145.43,59.0,100,80,1.43,broken clouds
625,Belmonte,BR,2020-08-18 20:43:40,-15.86,-38.88,75.2,78,75,6.93,broken clouds
626,Haimen,CN,2020-08-18 20:42:10,23.19,116.61,78.8,94,75,6.71,light intensity shower rain
627,Xuanhua,CN,2020-08-18 20:43:41,40.61,115.04,62.8,74,100,1.59,overcast clouds
628,Along,IN,2020-08-18 20:43:42,28.17,94.77,71.96,89,45,1.12,moderate rain
629,Srivardhan,IN,2020-08-18 20:43:42,18.03,73.02,79.45,87,100,11.56,moderate rain
630,Lumberton,US,2020-08-18 20:43:42,34.62,-79.01,89.6,45,1,3.36,clear sky
631,Waynesboro,US,2020-08-18 20:43:42,38.07,-78.89,81.0,78,90,6.93,moderate rain
632,Fasa,IR,2020-08-18 20:43:43,28.94,53.65,89.6,27,38,2.59,scattered clouds
633,Horsham,GB,2020-08-18 20:43:07,51.06,-0.33,66.2,77,0,3.36,clear sky
634,Lokachi,UA,2020-08-18 20:43:43,50.74,24.65,68.0,98,51,4.09,broken clouds
635,Muhoroni,KE,2020-08-18 20:43:44,-0.15,35.2,69.8,83,75,3.36,broken clouds
636,Tigre,AR,2020-08-18 20:39:46,-34.43,-58.58,68.0,30,0,12.75,smoke
637,East Moline,US,2020-08-18 20:43:44,41.5,-90.44,80.6,44,20,4.7,few clouds
638,Korla,CN,2020-08-18 20:43:45,41.76,86.15,80.01,46,2,16.28,clear sky
639,Severo-Yeniseyskiy,RU,2020-08-18 20:43:45,60.37,93.04,50.45,74,100,3.2,overcast clouds
640,Gizo,SB,2020-08-18 20:43:46,-8.1,156.84,80.55,82,67,11.14,light rain
641,Garmsar,IR,2020-08-18 20:43:46,35.22,52.34,81.0,29,0,7.7,clear sky
642,Bacolod,PH,2020-08-18 20:43:46,10.67,122.95,77.11,86,100,7.36,overcast clouds
643,Matay,EG,2020-08-18 20:43:47,28.42,30.78,79.86,44,0,14.7,clear sky
644,Ilula,TZ,2020-08-18 20:43:47,-7.68,36.04,62.6,67,5,4.74,clear sky
645,Lompoc,US,2020-08-18 20:43:47,34.64,-120.46,88.0,54,1,11.41,clear sky
646,Leua,SK,2020-08-18 20:43:48,48.22,18.61,69.01,91,100,7.0,overcast clouds
647,Mount Isa,AU,2020-08-18 20:43:48,-20.73,139.5,53.6,50,1,10.76,clear sky
648,Yingcheng,CN,2020-08-18 20:43:48,30.95,113.55,86.0,79,99,6.71,light rain
649,Ketchikan,US,2020-08-18 20:43:00,55.34,-131.65,60.8,82,75,17.22,broken clouds
650,Trincomalee,LK,2020-08-18 20:43:49,8.57,81.23,80.04,77,100,15.32,overcast clouds
651,Ust-Tsilma,RU,2020-08-18 20:43:49,65.44,52.15,49.23,97,100,8.08,light rain
652,Kaeo,NZ,2020-08-18 20:43:50,-35.1,173.78,60.15,92,95,9.44,overcast clouds
653,Luleburgaz,TR,2020-08-18 20:43:50,41.4,27.36,68.0,77,13,9.17,few clouds
654,Sivas,TR,2020-08-18 20:43:50,39.79,37.0,51.8,87,0,9.17,clear sky
655,Gigmoto,PH,2020-08-18 20:43:51,13.78,124.39,79.57,83,73,4.88,broken clouds
656,Huarmey,PE,2020-08-18 20:43:51,-10.07,-78.15,66.22,67,5,12.44,clear sky
657,Belaya Gora,RU,2020-08-18 20:43:51,68.53,146.42,48.2,67,100,1.99,overcast clouds
658,At-Bashi,KG,2020-08-18 20:43:52,41.17,75.81,53.71,64,100,0.92,overcast clouds
659,Awbari,LY,2020-08-18 20:43:52,26.59,12.78,88.61,17,0,8.25,clear sky
660,Edd,ER,2020-08-18 20:43:52,13.93,41.69,91.69,60,100,1.7,overcast clouds
661,Thinadhoo,MV,2020-08-18 20:43:53,0.53,72.93,83.89,71,1,7.9,clear sky
662,Hay River,CA,2020-08-18 20:42:02,60.82,-115.8,69.8,73,75,6.93,broken clouds
663,Leshukonskoye,RU,2020-08-18 20:43:02,64.9,45.76,43.18,91,70,8.3,broken clouds
664,Grafton,US,2020-08-18 20:43:54,42.21,-71.69,82.99,36,40,13.87,scattered clouds
665,Santiago Del Estero,AR,2020-08-18 20:40:17,-27.8,-64.26,79.03,21,0,7.09,clear sky
666,Mirabad,AF,2020-08-18 20:43:54,30.44,61.84,80.49,25,0,20.65,clear sky
667,Leninskoye,RU,2020-08-18 20:43:55,47.94,132.62,58.23,87,100,7.43,overcast clouds
